AAFC,http://www.agr.gc.ca/eng/about-our-department/acts-and-regulations/forward-regulatory-plan/index.html?id=1361906063705
CBSA,https://www.cbsa-asfc.gc.ca/agency-agence/actreg-loireg/frp-ppr-eng.html
CIRB,http://www.cirb-ccri.gc.ca/eic/site/047.nsf/eng/00230.html
CRA,https://www.canada.ca/en/revenue-agency/programs/about-canada-revenue-agency-cra/acts-regulations/forward-regulatory-plan/current-initiatives.html
CDC,https://cdc-ccl.ca/index.php/en/about-the-canadian-dairy-commission/acts-and-regulations/forward-regulatory-plan-edit/annual-update-to-the-forward-regulatory-plan-edit
CEAA,https://www.canada.ca/en/impact-assessment-agency/corporate/acts-regulations/forward-regulatory-plan.html
CFIA,https://inspection.canada.ca/about-cfia/acts-and-regulations/forward-regulatory-plan/2021-to-2023/eng/1505738163122/1505738211563
CGC,https://grainscanada.gc.ca/en/industry/acts-regulations/forward-regulatory-plan.html
PCH,https://www.canada.ca/en/canadian-heritage/corporate/transparency/laws-regulations/forward-regulatory-plan/2018-2020.html
CNSC,http://www.nuclearsafety.gc.ca/eng/acts-and-regulations/regulatoryplan/forward-regulatory-plan-details/index.cfm
CPMA,http://www.agr.gc.ca/eng/about-our-department/partners-and-agencies-agriculture-and-agri-food-canada/canadian-pari-mutuel-agency/acts-and-regulations-canadian-pari-mutuel-agency/forward-regulatory-plan-canadian-pari-mutuel-agency/forward-regulatory-plan/index.html?id=1553614260235
CTA,https://www.otc-cta.gc.ca/eng/forward-regulatory-plan-2021-2023
FIN,https://www.canada.ca/en/department-finance/corporate/laws-regulations/forward-regulatory-plan/2020-2022.html
JUS,https://www.justice.gc.ca/eng/trans/ar-lr/frp-ppr/2020_2022.html
ESDC,https://www.canada.ca/en/employment-social-development/corporate/transparency/laws-regulations/forward-regulatory-plan/2020-2022.html
ESDCLabourProgram,https://www.canada.ca/en/employment-social-development/programs/laws-regulations/labour/forward-regulatory/plan.html
ECCC,https://www.canada.ca/en/environment-climate-change/corporate/transparency/acts-regulations/forward-regulatory-plan/2021-2023.html
FPCC,http://fpcc-cpac.gc.ca/index.php/en-GB/regulatt/forward-regulatory-plan/57-fpcc-cpac/reglementations/1699-forward-regulatory-plan-2021-2023
DFO,http://www.dfo-mpo.gc.ca/acts-lois/initiatives-eng.htm
GAC,https://www.international.gc.ca/gac-amc/publications/regulatory_system-systeme_de_reglementation/frp2017_2019-ppr2017_2019.aspx?lang=eng
HC,https://www.canada.ca/en/health-canada/corporate/about-health-canada/legislation-guidelines/acts-regulations/forward-regulatory-plan/plan.html
IRCC,https://www.canada.ca/en/immigration-refugees-citizenship/corporate/mandate/acts-regulations/forward-regulatory-plan/list.html
INAC,https://www.rcaanc-cirnac.gc.ca/eng/1361461250759/1544639186809
ISED,http://www.ic.gc.ca/eic/site/020.nsf/eng/00615.html
DND,https://www.canada.ca/en/department-national-defence/corporate/policies-standards/acts-regulations/forward-regulatory-plan.html
NEB,https://www.cer-rec.gc.ca/en/about/acts-regulations/forward-regulatory-plan
NRC,https://www.nrcan.gc.ca/nrcan/transparency/acts-regulations/forward-regulatory-plan/18316
OSFI,https://www.osfi-bsif.gc.ca/Eng/fi-if/rg-ro/ar-lr/Pages/frp1618-ppr1618.aspx
PC,https://www.pc.gc.ca/en/agence-agency/lr-ar/pp-fp/pp-fp2019
PMPRB,http://www.pmprb-cepmb.gc.ca/view.asp?ccid=496
PHAC,https://www.canada.ca/en/public-health/corporate/mandate/about-agency/acts-regulations/forward-regulatory-plan.html
PS,https://www.publicsafety.gc.ca/cnt/trnsprnc/cts-rgltns/frwrd-rgltr-pln/frwrd-rgltr-pln-en.aspx
PSC,https://www.canada.ca/en/public-service-commission/services/acts-regulations/forward-regulatory-plan/forward-regulatory-plan-2021-2023.html
PSPC,https://www.tpsgc-pwgsc.gc.ca/lr-ar/prospectif-forward-eng.html
RCMP,https://www.rcmp-grc.gc.ca/en/forward-regulatory-plan
StatCan,https://www.statcan.gc.ca/eng/about/frp/frp-3
TC,https://tc.canada.ca/en/corporate-services/acts-regulations/forward-regulatory-plan
TBS,https://www.canada.ca/en/treasury-board-secretariat/corporate/transparency/acts-regulations/forward-regulatory-plan/forward-regulatory-plan-2021-2023.html
VAC,https://www.veterans.gc.ca/eng/about-vac/legislation-policies/legislation/forward-regulatory-plan
